1,"1.Anna university CEG campus Guindy"
2,"2.Anna university SAP campus Guindy"
3,"3.Anna university MIT campus Guindy"
4,"4.Anna university ACT campus Guindy"
5,"K.K.C College of Engineering and Technology"
6,"Mec Engineering College"
7,"Meenakshi Ramaswamy Engineering College"
8,"Ariyalur Engineering college"
9,"Measi Academy of Architecture"
10,"Meenakshi Sundararajan Engineering College"
11,"Rajalakshmi Engineering college"
12,"R.M.K Engineering college"
13,"R.M.D Engineeering college"
14,"Panimalar Engineering college"
15,"Sai Ram Engineering college"
16,"Jawahar Engineering College"
17,"SVCE"
18,"SSN Engineering college"
19,"Meenakshi College of Engineering"
20,"Loyola ICAM College of Engineering and Technology"
21,"Central Institute of Plastics Engineering and Technology"
22,"Kalaignar Karunanidhi Institute of Technology"
23,"Govt College of Technology"
24,"P.S.G College of Technology"
25,"Coimbatore Institute of Technology"
26,"Rathinam Technical Campus"
27,"Sri Ranganathar Institute of Engineering and Technology"
28,"N.R.School of Architecture"
29,"Pollachi Institute Of Engineering and Technology"
30,"V.S.B. College of Engineering Technical Campus"
31,"Nightingale Institute of Technology"
32,"Suguna College of Engineering"
33,"Sasi Creative School of Architecture"
34,"A.S.L.Pauls College ofEngineering and Technology"
35,"Christ The King Engineeering College"
36,"S V S College of Engineering"
37,"Sree Sakthi Engineering College"
38,"Coimbatore Institute of Engineering andTechnology"
39,"DR.Mahalingam College of Engineering and Technology"
40,"Hindustan college of Engineering and Technology"
41,"Karpagam College of Engineering "
42,"Kumaraguru College of Technology"
43,"Maharaja Engineering college"
44,"Park College of Engineering and Technology "
45,"Sri Krishna College of Engineering and Technology"
46,"Sri Ramakrishna Engineering College"
47,"Tamil Nadu college of Engineering"
48,"Maharaja Prithvi Engineering college"
49,"Sri Ramakrishna Institute of Technology"
50,"SNS College of Technology"
51,"Nehru Institute of Engineering and Technology"
52,"RVS College of Engineering"
53,"Info Institute of Technology"
54,"DR.N.G.P Institiute of Technology"
55,"Sasurie Academy of Engineering"
56,"P A College of Engineering "
57,"PPG Institute of Technology"
58,"United Institute of Technology"
59,"Prahar School of Architecture"
60,"JCT College of Engineering and Technology"
61,"Kgisi Institute of Technology"
62,"Tejaa Shakthi Institute of Technology"
63,"Jansons Institute of Technology"
64,"Akshaya College of Engineering and Technology"
65,"University college of Engineering"
66,"Krishnasamy College of Engineering and Technology"
67,"C.K.College of Engineering and Technology"
68,"DR.Navalar Nedunchezhiyan College of Engineering"
69,"M.R.K Institute of Technology"
70,"ST.Anne's College of Engineering and Technology"
71,"Jayam College of Engineering and Technology"
72,"Sapthagiri College of Engineering "
73,"Jayalakshmi Institute Of Technology"
74,"Varuvan Vadivelan Institute Of Technology"
75,"Shreenivasa Engineering College"
76,"University College Of Engineering, Dindigul"
77,"Ssm Institute Of Engineering And Technology"
78,"Christian College Of Engineering And Technology"
79,"Sri Subramanya College Of Engineering And Technology"
80,"N P R College Of Engineering And Technology"
81,"Veerammal Engineering College"
82,"R.V.S. School Of Engineering And Technology"
83,"R.V.S. School Of Architecture"
84,"Kodaikanal Institute Of Technology"
85,"Psna College Of Engineering And Technology"
86,"Ratnavel Subramaniam College Of Engineering And Technology"
87,"Sbm College Of Engineering And Technology"
88,"Aishwarya College Of Engineering And Technology"
89,"Vidhya Mandhir Institute Of Technology"
90,"J.K.K Munirajah School Of Architecture"
91,"Al-Ameen Engineering College"
92,"Bannari Amman Institute Of Technology (Autonomous)"
93,"Erode Sengunthar Engineering College"
94,"Institute Of Road And Transport Technology"
95,"Kongu Engineering College (Autonomous)"
96,"M.P. Nachimuthu M. Jaganathan Engineering College"
97,"Nandha Engineering College (Autonomous)"
98,"Velalar College Of Engineering And Technology"
99,"Maharaja Engineering College For Women"
100,"Shree Venkateshwara Hi-Tech Engineering College"
101,"Surya Engineering College"
102,"Nandha College Of Technology"
103,"J K K Munirajah College Of Technology"
104,"University College Of Engineering, Kanchipuram"
105,"Pallava Raja College Of Engineering"
106,"Marg Institute Of Design & Architecture Swarnabhoomi(Midas)"
107,"Rajalakshmi School Of Architecture"
108,"Annai Veilankanni's College Of Engineering"
109,"Da Vinci School Of Design And Architecture"
110,"Jeppiaar Institute Of Technology"
111,"Anand School Of Architecture"
112,"Misirimal Navajee Munoth Jain School Of Architecture"
113,"St.Joseph's Institute Of Technology"
114,"Arignar Anna Institute Of Science And Technology"
115,"D M I College Of Engineering"
116,"Kalsar College Of Engineering"
117,"Lord Venkateshwaraa Engineering College"
118,"Maamallan Institute Of Technology"
119,"Kings Engineering College"
120,"Kanchi Pallavan Engineering College"
121,"Pallavan College Of Engineering"
122,"Rajalakshmi Engineering College"
123,"Rajiv Gandhi College Of Engineering"
124,"Sakthi Mariamman Engineering College"
125,"Saveetha Engineering College"
126,"Sri Muthukumaran Institute Of Technology"
127,"Sri Venkateswara College Of Engineering"
128,"P.B. College Of Engineering"
129,"Loyola Institute Of Technology"
130,"P.T. Lee Chengalvaraya Naicker College Of Engineering And Technology"
131,"Apollo Engineering College"
132,"Arm College Of Engineering And Technology"
133,"Adhi College Of Engineering And Technology"
134,"Indira Gandhi College Of Engineering And Technology For Women"
135,"J E I Mathaajee College Of Engineering"
136,"Madha Institute Of Engineering And Technology"
137,"Mohammed Sathak A.J.College Of Engineering"
138,"Anand Institute Of Higher Technology"
139,"Jeppiaar Engineering College"
140,"Jerusalem College Of Engineering"
141,"Misrimal Navajee Munoth Jain Engineering College"
142,"K.C.G. College Of Technology"
143,"Shree Motilal Kanhaiyalal Fomra Institute Of Technology"
144,"Sri Sivasubramaniya Nadar College Of Engineering"
145,"Agni College Of Technology"
146,"St.Joseph's College Of Engineering"
147,"T.J. Institute Of Technology"
148,"Thangavelu Engineering College"
149,"S.R.R. Engineering College"
150,"Dhanalakshmi Srinivasan College Of Engineering And Technology"
151,"A.C.T. College Of Engineering And Technology"
152,"Sri Sai Ram Institute Of Technology"
153,"St. Joseph College Of Engineering"
154,"Aksheyaa College Of Engineering"
155,"Vi Institute Of Technology"
156,"Balamani Arunachalam Educational & Charitable Trust's Group Of Inst."
157,"Sri Krishna Institute Of Technology"
158,"Chennai Institute Of Technology"
159,"Mohamed Sathak A.J. Academy Of Architecture"
160,"Adhiparasakthi Engineering College"
161,"Dhanalakshmi College Of Engineering"
162,"G.K.M. College Of Engineering And Technology"
163,"Karpaga Vinayaga College Of Engineering And Technology"
164,"Madha Engineering College"
165,"Sri Venkateswaraa College Of Technology"
166,"Prince Shri Venkateshwara Padmavathy Engineering College"
167,"Shri Andal Alagar College Of Engineering"
168,"Sri Lakshmi Ammal Engineering College"
169,"Sri Sairam Engineering College"
170,"Tagore Engineering College"
171,"Valliammai Engineering College"
172,"Asan Memorial College Of Engineering And Technology"
173,"Dhaanish Ahmed College Of Engineering"
174,"Sri Ramanujar Engineering College"
175,"Sri Krishna Engineering College"
176,"Gopal Ramalingam Memorial Engineering College"
177,"New Prince Shri Bhavani College Of Engineering And Technology"
178,"Balaji Institute Of Engineering And Technology"
179,"Rrase College Of Engineering"
180,"Prince Dr.K.Vasudevan College Of Engineering And Technology"
181,"Lord Ayyappa Institute Of Engineering And Technology"
182,"Chendu College Of Engineering And Technology"
183,"Peri Institute Of Technology"
184,"Apollo Priyadarshanam Institute Of Technology"
185,"Thirumalai Engineering College"
186,"University College Of Engineering, Nagercoil"
187,"Rohini College Of Engineering And Technology"
188,"Sigma College Of Architecture"
189,"Stella Mary's College Of Engineering"
190,"Maria College Of Engineering And Technology"
191,"Mar Ephraem College Of Engineering And Technology"
192,"M.E.T Engineering College"
193,"Immanuel Arasar J J College Of Engineering"
194,"Sivaji College Of Engineering And Technology"
195,"Satyam College Of Engineering And Technology"
196,"Arunachala College Of Engineering For Women"
197,"Vins Christian Women's College Of Engineering"
198,"Dmi Engineering College"
199,"Rajas International Institute Of Technology For Women"
200,"Tamizhan College Of Engineering And Technology"
201,"C.S.I. Institute Of Technology"
202,"Jayamatha Engineering College"
203,"St.Xavier's Catholic College Of Engineering"
204,"Sun College Of Engineering And Technology"
205,"Narayanaguru College Of Engineering"
206,"Udaya School Of Engineering"
207,"Ponjesly College Of Engineering"
208,"Vins Christian College Of Engineering"
209,"Lord Jegannath College Of Engineering And Technology"
210,"Marthandam College Of Engineering And Technology"
211,"K N S K College Of Engineering"
212,"James College Of Engineering And Technology"
213,"Bethlahem Institute Of Engineering"
214,"Loyola Institute Of Technology And Science"
215,"Annai Vailankanni College Of Engineering"
216,"N.S.N. College Of Engineering And Technology"
217,"Cheran College Of Engineering"
218,"Arulmuruga Technical Campus"
219,"Cheran School Of Architecture"
220,"M.Kumarasamy College Of Engineering (Autonomous)"
221,"V.S.B. Engineering College"
222,"Chettinad College Of Engineering And Technology"
223,"Karur College Of Engineering"
224,"V K S College Of Engineering And Technology"
225,"Sri Venkateshwara Institute Of Engineering"
226,"Hosur Institute Of Technology And Science"
227,"Adhiyamaan College Of Engineering (Autonomous)"
228,"Government College Of Engineering * Bargur"
229,"Er.Perumal Manimekalai College Of Engineering"
230,"P.S.V.College Of Engineering And Technology"
231,"Archana Institute Of Technology"
232,"Thiagarajar College Of Engineering (Autonomous)"
233,"C.R. Engineering College"
234,"Vaigai College Of Engineering"
235,"P.T.R.College Of Engineering And Technology"
236,"Raja College Of Engineering And Technology"
237,"Sacs M.A.V.M.M Engineering College"
238,"Vickram College Of Engineering"
239,"Fatima Michael College Of Engineering And Technology"
240,"Ultra College Of Engineering And Technology For Women"
241,"Velammal College Of Engineering And Technology"
242,"Latha Mathavan Engineering College"
243,"University College Of Engineering, Thirukkuvalai"
244,"Prime College Of Architecture And Planning"
245,"Sir Issac Newton College Of Engineering And Technology"
246,"A.V.C College Of Engineering"
247,"E.G.S.Pillay Engineering College"
248,"Sembodai Rukmani Varatharajan Engineering College"
249,"Muthayammal Technical Campus"
250,"K S R Institute For Engineering And Technology"
251,"Skandha School Of Architecture"
252,"Annai Mathammal Sheela Engineering College"
253,"K.S.Rangasamy College Of Technology (Autonomous)"
254,"Mahendra Engineering College"
255,"Muthayammal Engineering College"
256,"Paavai Engineering College"
257,"P G P College Of Engineering And Technology"
258,"K.S.R. College Of Engineering"
259,"S.S.M. College Of Engineering"
260,"Sengunthar Engineering College"
261,"Paavaai Group Of Institutions"
262,"Vivekanandha College Of Engineering For Women"
263,"Gnanamani College Of Technology"
264,"Vivekanandha Institute Of Engineering & Technology For Women"
265,"Selvam College Of Technology"
266,"Paavai College Of Engineering"
267,"Sengunthar College Of Engineering"
268,"King College Of Technology"
269,"Mahendra Institute Of Technology"
270,"Vidyaa Vikas College Of Engineering And Technology"
271,"Excel Engineering College"
272,"Cms College Of Engineering"
273,"Excel College Of Technology"
274,"Mahendra Engineering College For Women"
275,"J.K.K. Nattraja College Of Engineering And Technology"
276,"Pavai College Of Technology"
277,"Gnanamani College Of Engineering"
278,"Vivekanandha College Of Technology For Women"
279,"Dr.Nagarathinam's College Of Engineering"
280,"Excel College Of Engineering And Technology"
281,"Mahendra Institute Of Engineering And Technology"
282,"Excel College Of Architecture And Planning"
283,"Srg Engineering College"
284,"Sri Ramakrishna College Of Engineering"
285,"Dhanalakshmi Srinivasan College Of Engineering"
286,"Dhanalakshmi Srinivasan Institute Of Research And Technology"
287,"Dhanalakshmi Srinivasan Engineering College"
288,"Roever Engineering College"
289,"Srinivasan Engineering College"
290,"Roever College Of Engineering And Technology"
291,"Mookambigai College Of Engineering"
292,"Mother Terasa College Of Engineering And Technology"
293,"Sri Bharathi Engineering College For Women"
294,"Mahath Amma Institute Of Engineering And Technology"
295,"Kings College Of Engineering"
296,"Mount Zion College Of Engineering And Technology"
297,"Shanmuganathan Engineering College"
298,"Sudharsan Engineering College"
299,"Mnsk College Of Engineering"
300,"M.A.R. College Of Engineering And Technology"
301,"Chendhuran College Of Engineering And Technology"
302,"University College Of Engineering, Ramanathapuram"
303,"Mohamed Sathak Engineering College"
304,"Syed Ammal Engineering College"
305,"Ganapathy Chettiar College Of Engineering And Technology"
306,"Sri Shanmugha College Of Engg. & Tech."
307,"Ganesh College Of Engineering"
308,"Dhirajlal Gandhi College Of Technology"
309,"Shree Sathyam College Of Engineering And Technology"
310,"Government College Of Engineering * Salem (Autonomous)"
311,"Sona College of Technology (Autonomous)"
312,"Mahendra College Of Engineering"
313,"The Kavery Engineering College"
314,"A V S Engineering College"
315,"Narasu's Sarathy Institute Of Technology"
316,"Bharathiyar Institute Of Engineering For Women"
317,"Greentech College Of Engineering For Women"
318,"Vivekanandha Engineering College For Women"
319,"Tagore Institute Of Engineering And Technology"
320,"Annapoorana Engineering College"
321,"Knowledge Institute Of Technology"
322,"V S A Educational And Charitable Trust's Group Of Institutions"
323,"Salem College Of Engineering And Technology"
324,"S R S College Of Engineering And Technology"
325,"The Kavery College Of Engineering"
326,"Central Electrochemical Research Institute (Csir) Karaikudi"
327,"Sri Raaja Raajan College Of Engineering And Technology"
328,"Kit & Kim Technical Campus"
329,"Madurai Institute Of Engineering And Technology"
330,"A.C.College Of Engineering And Technology (Autonomous)"
331,"K.L.N.College Of Information Technology"
332,"K.L.N.College Of Engineering"
333,"Pandian Saraswathi Yadav Engineering College"
334,"Pannai College Of Engineering And Technology"
335,"St.Michael College Of Engineering & Technology"
336,"University College Of Engineering, Pattukkottai"
337,"Smr East Coast College Of Engineering And Technology"
338,"K.S.K College Of Engineering And Technology"
339,"Star Lion College Of Engineering And Technology"
340,"Arasu Engineering College"
341,"P.R.Engineering College"
342,"Ponnaiyah Ramajayam College Of Engineering And Technology"
343,"St.Joseph's College Of Engineering And Technology"
344,"Parisutham Institute Of Technology And Science"
345,"Vandayar Engineering College"
346,"Annai College Of Engineering And Technology"
347,"As-Salam College Of Engineering And Technology"
348,"Csi College Of Engineering"
349,"Mcgan's Ooty School Of Architecture"
350,"Government College Of Engineering, Bodiyanayakkanur"
351,"Vpv College Of Engineering"
352,"Nadar Saraswathi College Of Engineering & Technology"
353,"Bharath Niketan Engineering College"
354,"Theni Kammavar Sangam College Of Technology"
355,"Thamirabharani Engineering College"
356,"Universal College Of Engineering & Technology"
357,"Scad Engineering College"
358,"A.R. College Of Engineering And Technology"
359,"Arul College Of Technology"
360,"Psn Institute Of Technology And Science"
361,"Cape Institute Of Technology"
362,"Francis Xavier Engineering College"
363,"Joe Suresh Engineering College"
364,"National College Of Engineering"
365,"Psn College Of Engineering And Technology (Autonomous)"
366,"Pet Engineering College"
367,"S.Veerasamy Chettiar College Of Engineering And Technology"
368,"Sardar Raja College Of Engineering"
369,"Scad College Of Engineering And Technology"
370,"The Rajaas Engineering College"
371,"Government College Of Engineering * Tirunelveli"
372,"Einstein College Of Engineering"
373,"Psn Engineering College"
374,"J P College Of Engineering"
375,"Mahakavi Bharathiyar College Of Engineering And Technology"
376,"Aalim Muhammed Salegh College Of Engineering"
377,"Bhajarang Engineering College"
378,"Jaya Engineering College"
379,"Jaya Institute Of Technology"
380,"Magna College Of Engineering"
381,"Prathyusha Institute Of Technology And Management"
382,"R.M.D. Engineering College"
383,"R.M.K. Engineering College"
384,"S.A. Engineering College"
385,"Sriram Engineering College"
386,"Sri Venkateswara College Of Engineering And Technology"
387,"Vel Tech Multi Tech Dr.Rangarajan Dr.Sakunthala Engineering College"
388,"Velammal Engineering College"
389,"Sri Venkateswara Institute Of Science And Technology"
390,"Vel Tech High Tech Dr.Rangarajan Dr.Sakunthala Engineering College"
391,"Gojan School Of Business And Technology"
392,"Sams College Of Engineering And Technology"
393,"Pmr Engineering College"
394,"Jnn Institute Of Engineering"
395,"St.Peter's College Of Engineering And Technology"
396,"R.M.K. College Of Engineering And Technology"
397,"Vel Tech"
398,"Aalim Muhammed Salegh Academy Of Architecture"
399,"Siva Institute Of Frontier Technology * Technical Campus"
400,"R.V.S. Padhmavathy College Of Engineering & Technology"
401,"Kumaran Institute Of Technology"
402,"Rvs Padmavathy School Of Architecture"
403,"Panimalar Engineering College"
404,"S.K.R. Engineering College"
405,"Sree Sastha Institute Of Engineering And Technology"
406,"Srinivasa Institute Of Engineering And Technology"
407,"Alpha College Of Engineering"
408,"Indira Institute Of Engineering And Technology"
409,"Panimalar Institute Of Technology"
410,"Velammal Institute Of Technology"
411,"Grt Institute Of Engineering And Technology"
412,"T.J.S. Engineering College"
413,"Sree Sastha College Of Engineering"
414,"John Bosco Engineering College"
415,"Easwari Engineering College"
416,"Sakthi Engineering College"
417,"Rajalakshmi Institute Of Technology"
418,"Jaya Suriya Engineering College"
419,"Thiruvannamalai"
420,"University College Of Engineering, Arni"
421,"Sri Renugambal College Of Architecture"
422,"S.R.I College Of Engineering And Technology"
423,"Sri Ramana Maharishi College Of Engineering"
424,"Arulmigu Meenakshi Amman College Of Engineering"
425,"Arunai Engineering College"
426,"Arunai College Of Engineering"
427,"S.K.P. Engineering College"
428,"Sri Balaji Chockalingam Engineering College"
429,"Thiruvalluvar College Of Engineering And Technology"
430,"S.K.P. Institute Of Technology"
431,"Annamalaiar College Of Engineering"
432,"Krs College Of Engineering"
433,"Oxford College Of Engineering"
434,"Anjalai Ammal Mahalingam Engineering College"
435,"A.R.J College Of Engineering And Technology"
436,"Jairupaa College Of Engineering"
437,"Scad Institute Of Technology"
438,"Jay Shriram Group Of Institutions"
439,"Erode Builder Educational Trust's Group Of Institutions"
440,"Professional Educational Trust's Group Of Institutions"
441,"Sasurie College Of Engineering"
442,"Angel College Of Engineering And Technology"
443,"Sri Ramanathan Engineering College"
444,"Dr.Nallini Institute Of Engineering And Technology"
445,"University College Of Engineering, Tiruchirappalli"
446,"Mahalakshmi Engineering College"
447,"Rvs Kvk School Of Architecture"
448,"Dhanalakshmi Srinivasan Institute Of Technology"
449,"Sureya College Of Engineering"
450,"K.Ramakrishnan College Of Technology"
451,"Oas Institute Of Technology And Management, Group Of Institutions"
452,"M A M School Of Architecture"
453,"C.A.R.E School Of Architecture"
454,"M.A.M. School Of Engineering"
455,"Trp Engineering College"
456,"Shri Angalamman College Of Engineering And Technology"
457,"J.J.College Of Engineering And Technology"
458,"Jayaram College Of Engineering And Technology"
459,"Kurinji College Of Engineering And Technology"
460,"M.A.M College Of Engineering"
461,"M.I.E.T Engineering College"
462,"Oxford Engineering College"
463,"Pavendar Bharathidasan College Of Engineering And Technology"
464,"Saranathan College Of Engineering"
465,"Trichy Engineering College"
466,"Kongunadu College Of Engineering And Technology"
467,"Cauvery College Of Engineering And Technology"
468,"M.A.M College Of Engineering And Technology"
469,"K. Ramakrishnan College Of Engineering"
470,"Indra Ganesan College Of Engineering"
471,"C.A.R.E. Group Of Institutions"
472,"Shivani Engineering College"
473,"Imayam College Of Engineering"
474,"Vetri Vinayaha College of Engineering and Technology"
475,"Shivani Institute Of Technology"
476,"Pavendar Bharathidasan Institute Of Information Technology"
477,"The Selvam Women Excellence Engineering Technology"
478,"Designed Environment Academy And Research Institute"
479,"University Voc College Of Engineering, Thoothukudi"
480,"V V College Of Engineering"
481,"Chandy College Of Engineering"
482,"St.Mother Theresa Engineering College"
483,"Holy Cross Engineering College"
484,"Unnamalai Institute Of Technology"
485,"Dr.Sivanthi Aditanar College Of Engineering"
486,"Jayaraj Annapackiam Csi College Of Engineering"
487,"National Engineering College (Autonomous)"
488,"Dr.G.U.Pope College Of Engineering"
489,"Infant Jesus College Of Engineering"
490,"Infant Jesus College Of Engineering And Technology"
491,"Annai Mira College Of Engineering And Technology"
492,"Sree Krishna College Of Engineering"
493,"Adhiparasakthi College Of Engineering"
494,"C.Abdul Hakeem College Of Engineering And Technology"
495,"G.G.R. College Of Engineering"
496,"Ganadipathy Tulsi's Jain Engineering College"
497,"Priyadarshini Engineering College"
498,"Ranippettai Engineering College"
499,"Sri Nandhanam College Of Engineering And Technology"
500,"Saraswathi Velu College Of Engineering"
501,"Thanthai Periyar Govt Institute Of Technology"
502,"Bharathidasan Engineering College"
503,"Kingston Engineering College"
504,"Shri Sapthagiri Institute Of Technology"
505,"Global Institute Of Engineering And Technology"
506,"Podhigai College Of Engineering And Technology"
507,"Sri Krishna College Of Engineering"
508,"University College Of Engineering, Villupuram"
509,"University College Of Engineering, Tindivanam"
510,"Surya School Of Architecture"
511,"Vedhantha Institute Of Technology"
512,"Annai Teresa College Of Engineering"
513,"Dr. Pauls Engineering College"
514,"Ifet College Of Engineering"
515,"Mailam Engineering College"
516,"T.S.M. Jain College Of Technology"
517,"V.R.S. College Of Engineering And Technology"
518,"E.S Engineering College"
519,"Maha Barathi Engineering College"
520,"Sri Aravindar Engineering College"
521,"Surya Group Of Institutions"
522,"A.R. Engineering College"
523,"A.K.T. Memorial College Of Engineering And Technology"
524,"Sri Rangapoopathi College Of Engineering"
525,"Saraswathy College Of Engineering & Technology"
526,"Idhaya Engineering College For Women"
527,"Renganayagi Varatharaj College Of Engineering"
528,"Sethu Institute Of Technology (Autonomous)"
529,"Kamaraj College Of Engineering And Technology"
530,"Mepco Schlenk Engineering College (Autonomous)"
531,"P.S.R Engineering College (Autonomous)"
532,"Sree Sowdambika College Of Engineering"
533,"V.P.Muthaiah Pillai Meenakshi Ammal Engineering College For Women"
534,"Kalasalingam Institute Of Technology"
535,"P.S.R.Rengasamy College Of Engineering For Women"
536,"Sri Vidya College Of Engineering & Technology"
537,"SRM"
538,"Vinayaka Missions University (Deemed), Salem"
539,"Indira Gandhi Medical College & Research Institute, Puducherry"
540,"Mahatma Gandhi Medical College & Research Institute, Pondicherry"
541,"Pondicherry Institute of Medical Sciences & Research, Pondicherry"
542,"Sri Lakshmi Narayana Institute of Medical Sciences, Pondicherry"
543,"Sri Manakula Vinayagar Medical College & Hospital, Pondicherry"
544,"ACS Medical College and Hospital, Chennai"
545,"Annaii Medical College and Hospital, Pennalur, Kanchipuram"
546,"Annapoorna Medical College & Hospital, Salem"
547,"Chengalpattu Medical College, Chengalpattu"
548,"Chennai Medical College Hospital and research centre,Irungalur,Trichy"
549,"Chettinad Hospital & Research Institute, Kanchipuram"
550,"Christian Medical College, Vellore"
551,"Coimbatore Medical College, Coimbatore"
552,"Dhanalakshmi Srinivasan Medical College and Hospital,Perambalur"
553,"ESI-PGIMSR,ESI Hospital,K.K Nagar,Chennai"
554,"Government Dharmapuri Medical College, Dharmapuri"
555,"Government Medical College & ESIC Hospital, Coimbatore, TamilNadu"
556,"Government Medical College, Omandurar"
557,"Government Medical College, Pudukottai, Tamil Nadu"
558,"Government Sivagangai Medical College, Sivaganga"
559,"Government Vellore Medical College, Vellore"
560,"IRT Perundurai Medical College, Perundurai"
561,"K A P Viswanathan Government Medical College, Trichy"
562,"KanyaKumari Government Medical College, Asaripallam"
563,"Karpaga Vinayaga Institute of Medical Sciences,Maduranthagam"
564,"Karpagam Faculty of Medical Sciences & Research, Coimbatore"
565,"Kilpauk Medical College, Chennai"
566,"Madha Medical College and Hospital, Thandalam, Chennai"
567,"Madras Medical College, Chennai"
568,"Meenakshi Medical College and Research Institute, Enathur"
569,"Mohan Kumaramangalam Medical College, Salem"
570,"PSG Institute of Medical Sciences, Coimbatore"
571,"Saveetha Medical College and Hospital, Kanchipuram"
572,"Shri Satya Sai Medical College and Research Institute, Kancheepuram"
573,"Sree Balaji Medical College and Hospital, Chennai"
574,"Sri Ramachandra Medical College & Research Institute, Chennai"
575,"Sri Muthukumaran Medical College,Chennai"
576,"SRM Medical College Hospital & Research Centre, Kancheepuram"
577,"Stanley Medical College, Chennai"
578,"Tagore Medical College and Hospital, Chennai"
579,"Thanjavur Medical College,Thanjavur"
580,"Theni Government Medical College,Theni"
581,"Thiruvarur Govt. Medical College, Thiruvarur"
582,"Thoothukudi Medical College, Thoothukudi"
583,"Tirunelveli Medical College,Tirunelveli"
584,"Velammal Medical College Hospital and Research Institute, Madurai"
585,"Vinayaka Missions Kirupananda Variyar Medical College, Salem"
586,"A.A. Govt. Arts College for Men, Namakkal"
587,"A.A. Govt. Arts College, Attur, Salem"
588,"A.M. Jain College (Men), Chennai"
589,"A.P.A. College of Arts and Culture, Palani"
590,"Arignar Anna College (Arts and Science), Krishnagiri"
591,"Arignar Anna Govt. Arts College for Women, Walajapet, Vellore"
592,"Arignar Anna Govt. Arts College, Cheyyar, Tiruvannamalai"
593,"Arignar Anna Govt. Arts College, Musiri, Trichy"
594,"Arignar Anna Govt. Arts College, Villupuram Dt"
595,"Auxilium College, Katpadi"
596,"A.A. Arts and Science College (Women), Chennai, Chennai"
597,"A.D.M. College for Women, Nagapattinam"
598,"A.E.T. College, Attur Taluk"
599,"A.J.K. College of Arts and Science, Coimbatore"
600,"A.K.C. College of Arts and Science, Virudhunagar"
601,"A.K.D. Dharmaraja's Women's College, Virudhunagar"
602,"A.N.J.A. College (Autonomous), Sivakasi"
603,"A.P.C. Mahalakshmi College for Women, Tuticorin"
604,"A.R.C. Viswanathan College, Mayiladuthurai"
605,"A.V.C. College (Autonomous), Nagapattinam"
606,"A.V.S. College of Arts and Science, Salem"
607,"A.V.V.M. Sri Pushpam College (Autonomous), Thanjavur"
608,"Abi and Abi College, Thanjavur"
609,"Adaikala Matha College, Thanjavur"
610,"Adharsh Vidyalaya College of Arts and Science for Women, Bhavani Taluk"
611,"Adhiparasakthi College of Science, Kalavai"
612,"Aditanar College of Arts and Science, Tuticorin"
613,"Aiman College of Arts and Science for Women, Trichy"
614,"Alagappa Govt. Arts College, Karaikudi"
615,"Alamelu Angappan College for Women, Komarapalayam"
616,"Alpha Arts and Science College, Chennai"
617,"Ambai Arts College, Tirunelveli"
618,"Ambiga College of Arts and Science, Madurai"
619,"Ananda College, Devakottai"
620,"Anbu Arts and Science College, Komarapalayam"
621,"Angappa College of Arts and Science, Coimbatore"
622,"Anna Adarsh College for Women, Chennai"
623,"Annai College of Arts and Science, Thanjavur"
624,"Annai Fathima College of Arts and Science, Tirumangalam"
625,"Annai Hajira Women's College, Melapalayam"
626,"Annai Theresa College of Arts and Science, Kanchipuram"
627,"Annai Veilankanni College, Kanyakumari"
628,"Annai Veilankanni's College of Arts and Science, Chennai"
629,"Annai Violet Arts and Science College, Chennai"
630,"Annai Women's College, Karur"
631,"Apollo Arts and Science College, Kanchipuram"
632,"Arakkonam Arts and Science College, Arakkonam"
633,"Arcot Sri Mahalakshmi Women's College, Vellore"
634,"Aries Arts and Science College for Women, Vadalur Taluk"
635,"Arignar Anna College, Kanyakumari"
636,"Arputha College of Arts and Science, Pudukkottai"
637,"Arul Anandar College (Autonomous), Madurai"
638,"Arulmigu Panruti Ayyan Arts and Science College, Tuticorin"
639,"Arumugam Pillai Seethai Ammal College, Sivagangai"
640,"Arun Krishna College of Arts and Science, Tiruvannamalai"
641,"Aruna Vidhya Arts and Science College, Chengam Taluk"
642,"Arungarai Amman College of Arts and Science, Karur"
643,"Attur Arts and Science College, Attur"
644,"Auxilium College of Arts and Science for Women, Alangudi Taluk"
645,"Avinashilingam University for Women (Avinashilingam Institute for Home Science and Higher Education for Women), Coimbatore"
646,"Ayyan Thiruvalluvar College of Arts and Science, Coimbatore"
647,"Bhaktavatsalam Memorial College for Women, Chennai"
648,"Bharathi's Women's College (Autonomous), Chennai"
649,"B. Padmanabhan Jayanthimala Arts and Science College, Cuddalore"
650,"B.P.J College Of Arts and Science, Cuddalore"
651,"Best Arts and Science College, Sirkali Taluk"
652,"Bharath College of Science and Management, Thanjavur"
653,"Bharathi Arts and Science College, Villupuram"
654,"Bharathidasan College of Arts and Science, Erode"
655,"Bharathiyar Arts and Science College for Women, Salem"
656,"Bishop Ambrose College, Coimbatore"
657,"Bishop Calldowell College, Tuticorin"
658,"Bishop Heber College, Trichy"
659,"Bishop Thorp College, Dharapuram"
660,"Bon Secours College for Women, Thanjavur"
661,"C. Abdul Hakkim College, Vellore"
662,"C. Kandasami Naidu College for Men, Chennai"
663,"C. Kandasamy Naidu College for Women, Cuddalore"
664,"C.B.M. College Sakethapuri, Coimbatore"
665,"C.P.A. College, Theni"
666,"Chellammal Women's College of the Pachaiyappa's Trust, Chennai"
667,"Cheraan's Arts Science College, Erode"
668,"Chikkaiah Naiacker College, Erode"
669,"Chikkanna Government Arts College, Coimbatore"
670,"C.M.S. College of Science and Commerce, Coimbatore"
671,"C.S.I. Bishop Appasamy College of Arts and Science, Coimbatore"
672,"C.S.I. Darling Selvabai Thavaraj David College of Arts and Science for Women, Madurai"
673,"C.S.I. Edward Women's Christian College, Kanchipuram"
674,"C.S.I. Jeyaraj Annapackiam College, Tirunelveli"
675,"C.T.M. College of Arts and Science, Chennai"
676,"Cambridge College of Arts and Science, Karur"
677,"Caussanel College of Arts and Science, Ramanathapuram"
678,"Cauveri College for Women, Trichy"
679,"Chennai National College (Arts and Science), Chennai"
680,"Cherran College For Women, Tirupur"
681,"Chettinad College of Arts and Science, Trichy"
682,"Chevaliar T. Thomas Elizabeth College for Women, Chennai"
683,"Chidambaram Pillai College of Women, Trichy"
684,"Christhu Raj College, Trichy"
685,"D.G. Govt. Arts College for Women, Nagapattinam"
686,"Dhanraj Baid Jain College (Autonomous), Chennai"
687,"Dharmamurthi Rao Bahadur Calavala Cunnan Chetty's Hindu (D.R.B.C.C.C.H.) College, Chennai"
688,"Dr. Ambedkar Government Arts College, Chennai"
689,"Dr. Kalaignar Government Arts College, Kulithalai"
690,"Dwaraka Doss Goverdhan Doss Vaishnav College, Chennai"
691,"Danapackiyam Krishnasamy Mudaliar College for Women, Vellore"
692,"Devanga Arts College, Aruppukottai"
693,"Dhanalakshmi Srinivasan College of Arts and Science for Women, Perambalur"
694,"Dharmambal Ramasamy Arts and Science College, Thanjavur"
695,"Dharmapuram Adinam Arts College, Nagapattinam"
696,"Don Bosco College, Dharmapuri"
697,"Dr. G.R. Damodaran College of Science, Coimbatore"
698,"Dr. M.G.R. Chockalingam Arts College, Tiruvannamalai"
699,"Dr. M.G.R. Janaki College of Arts and Science for Women, Chennai"
700,"Dr. N.G.P. Arts and Science College, Coimbatore"
701,"Dr. Nallikuppusamy Arts College, Thanjavur"
702,"Dr. R.A.N.M. Arts and Science College, Erode"
703,"Dr. R.K. Shanmugam College of Arts and Science, Villupuram"
704,"Dr. R.V. Arts and Science College, Coimbatore"
705,"Dr. S.N.S. Rajalakshmi College of Arts and Science, Coimbatore"
706,"Dr. Sir A.L. Mudaliar Vocational Arts and Science, Tiruvallur"
707,"Dr. Umayal Ramanathan College for Women, Karaikudi"
708,"Dr. Zakir Hussain College, Sivagangai"
709,"E.M.G. Yadava Women's College, Madurai"
710,"Emerald Heights College for Women, Udhagamandalam"
711,"Erode Arts College (Autonomous), Erode"
712,"Ethiraj College for Women (Autonomous), Chennai"
713,"Edaiyathangudi G.S. Pillai Arts and Science College, Nagapattinam"
714,"Enathi Rajappa College of Arts and Science, Pattukkottai"
715,"Erode Arts College for Women, Erode"
716,"Erode Christian College of Arts and Science for Women, Erode"
717,"Fatima College (Autonomous), Madurai"
718,"G.T.N. Arts College, Dindigul"
719,"Gobi Arts and Science College (Autonomous), Erode"
720,"Government Arts College for Women, Pudukkottai"
721,"Government Arts College, Kumbakonam"
722,"Government College for Women, Kumbakonam"
723,"Govt. Arts and Science College for Women, Bargur"
724,"Govt. Arts College (Autonomous), Coimbatore"
725,"Govt. Arts College for Men (Autonomous), Chennai"
726,"Govt. Arts College for Men, Krishnagiri"
727,"Govt. Arts College for Women, Ramanathapuram"
728,"Govt. Arts College for Women, Krishnagiri"
729,"Govt. Arts College for Women, Salem"
730,"Govt. Arts College for Women, Tirunelveli"
731,"Govt. Arts College, Ariyalur"
732,"Govt. Arts College, Chidambaram Dt"
733,"Govt. Arts College, Dharmapuri"
734,"Govt. Arts College, Karur"
735,"Govt. Arts College, Melur, Madurai"
736,"Govt. Arts College, Paramakudi"
737,"Govt. Arts College, Salem"
738,"Govt. Arts College, Thiruvannamalai"
739,"Govt. Arts College, Trichy"
740,"Govt. Arts College, Udagamandalam"
741,"Govt. Arts College, Udumalpet"
742,"Govt. College for Women, Sivagangai"
743,"Govt. Thirumagal Mills College, Vellore"
744,"Guru Nanak College, Chennai"
745,"G.V.N. College, Kovilpatti"
746,"Ganapathi Seethai Ammal College, Manamadurai"
747,"Ganesar Senthamil Kallori, Thanjavur"
748,"Gem Gates Arts amd Science College, Attur"
749,"Govindammal Adithanar Women's College, Tuticorin"
750,"Guru Shree Shanti Vijai Jain College for Women, Chennai"
751,"H.H. The Rajahs College (Autonomous), Pudukkottai"
752,"H.K.R.H. College, Theni"
753,"Harur Muthu Arts and Science College for Women, Dharmapuri"
754,"Hindustan College of Arts and Science, Kelambakkam"
755,"Hindusthan College of Arts and Science, Coimbatore"
756,"Holy Cross College (Autonomous), Trichy"
757,"Holy Cross College, Nagercoil"
758,"Holy Cross Home Science College for Women, Tuticorin"
759,"Islamiah College, Vellore"
760,"Idaya College of Arts and Science for Women, Pudupalayam"
761,"Idhaya College of Arts and Science for Women, Kumbakonam"
762,"Idhaya Women's College, Sivagangai"
763,"Imayam College of Arts and Science, Thuraiyur"
764,"Immaculate College for Women, Sankarapuram Taluk"
765,"Indian Arts and Science College, Naidumangalam"
766,"Indian Harvard Arts and Science College, Chennai"
767,"Indira Gandhi Jayanthi Women's College, Villupuram"
768,"Indo-American College, Tiruvannamalai"
769,"Islamiah Women's Arts and Science College, Vellore"
770,"J.J. College of Arts and Science, Pudukkottai"
771,"Jairam Arts and Science College, Salem"
772,"Justice Basheer Ahmed Syed College for Women, Chennai"
773,"J.A. Arts and Science College, Chennai"
774,"J.K.K. Nataraja College of Arts and Science, Komarapalayam"
775,"Jamal Mohamed College, Trichy"
776,"Jawahar Science College, Neyveli"
777,"Jaya College of Arts and Science, Tiruvallur"
778,"Jayagovind Harigopal Agarwal Agarsen College, Chennai"
779,"Jayaraj Annapackiam College for Women (Autonomous), Periyakulam"
780,"Jeyaraj Chelladurai College of Arts and Science, Theni"
781,"John Bosco Arts and Science College, Tiruvallur"
782,"Joseph Arts and Science College, Villupuram"
783,"Jothi College, Vellore"
784,"K.S.R. College of Arts and Science, Namakkal"
785,"Kamban College Arts and Science for Women, Tiruvannamalai"
786,"Kandaswami Kandar's College, Namakkal"
787,"Khadir Mohideen College, Adirampattinam"
788,"Kongunadu Arts and Science College, Coimbatore"
789,"Kundavai Nachiyar Govt. College for Women, Thanjavur"
790,"K.C.S. Kasi Nadar College of Arts and Science, Chennai"
791,"K.G. College of Arts and Science, Coimbatore"
792,"K.M.G. College of Arts and Science, Gudiyattam"
793,"K.R. Arts and Science College, Tuticorin"
794,"K.S. Raja College of Arts and Science for Women, Gingee Taluk"
795,"K.S.G. College of Arts and Science, Coimbatore"
796,"Kaamadhenu Arts and Science College, Sathyamangalam"
797,"Kairali Arts, Science and Commerce College, Coimbatore"
798,"Kamadhenu College of Arts and Science, Dharmapuri"
799,"Kamaraj College, Tuticorin"
800,"Kanchi Kamatchi Amman Arts and Science College for Women, Kanchipuram Taluk"
801,"Kanchi Shri Krishna College of Arts and Science, Kanchipuram"
802,"Karpagam University (Karpagam Arts and Science College), Coimbatore"
803,"Karuppannan Mariappan College, Erode"
804,"Kaveripakkam Arts and Science College, Kaveripakkam"
805,"KAYPEEYES College of Arts and Science, Kotagiri"
806,"King Nandivarman College of Arts and Science, Tiruvannamalai"
807,"Kings College of Arts and Science for Women, Namakkal"
808,"Kodaikanal Christian College, Kodaikanal"
809,"Kongu Arts and Science College, Erode"
810,"Kongu College of Arts and Science, Karur"
811,"Kovai Kalaimagal College of Arts and Science, Coimbatore"
812,"Krishnasamy College of Science, Arts and Management for Women, Cuddalore Taluk"
813,"Kumara Rani Meena Muthiah College of Arts and Science for Women, Chennai"
814,"Kurinji Arts and Science College, Trichy"
815,"L.R.G. Govt. Arts College for Women, Tiruppur"
816,"Loganatha Narayanasamy Govt. Arts College, Tiruvallur"
817,"Loyola College (Autonomous), Chennai"
818,"Lady Doak College (Autonomous), Madurai"
819,"Lakshmi Narayanan Visalakshi College of Arts and Science, Coimbatore"
820,"Lakshmipuram College of Arts and Science, Kanyakumari"
821,"Meenakshi College for Women, Chennai"
822,"Muthayammal College of Arts and Science, Rasipuram"
823,"M.R. Govt. Arts College, Tiruvarur"
824,"M.S.S. Wakf Board College, Madurai"
825,"M.V. Muthiah Govt. Arts College for Women, Dindigul"
826,"Madras Christian College (Autonomous), Chennai"
827,"Madurai Institute of Social Sciences, Madurai"
828,"Madurai Kamaraj University College, Aundipatti, Theni"
829,"Madurai Kamaraj University Evening College, Dindigul"
830,"Madurai Kamaraj University Evening College, Madurai"
831,"Madurai Kamaraj University Evening College, Palani"
832,"Madurai Kamaraj University Evening College, Paramakudi"
833,"Madurai Kamaraj University Evening College, Periyakulam"
834,"Madurai Kamaraj University Evening College, Ramanathapuram"
835,"Madurai Kamaraj University Evening College, Theni"
836,"Mannar Tirumalai Naicker College, Madurai"
837,"Mazharul Uloom College, Ambur"
838,"Muthurangam Government Arts College, Vellore"
839,"M.A.V.M.M. Ayira Vysiar College, Madurai"
840,"M.G.R. College, Hosur"
841,"M.I.E.T. College of Arts and Science, Trichy"
842,"M.K. University College, Madurai, Madurai"
843,"M.M.E.S. Women's Arts and Science College, Walaja Taluk"
844,"M.O.P. Vaishnav College for Women (Autonomous), Chennai"
845,"Madha Arts and Science College, Chennai"
846,"Madura College (Autonomous), Madurai"
847,"Madurai Sivakasi Nadars College for Women, Sivagangai"
848,"Mahalakshmi College of Arts and Science, Chennai"
849,"Maharaja Arts and Science College, Coimbatore"
850,"Maharaja College for Women, Erode, Perundurai"
851,"Maharani Arts and Science Women's College, Erode"
852,"Mahatma Arts and Science College, Illuppur Taluk"
853,"Mahendra College of Arts and Science, Namakkal"
854,"Malankara Catholic College, Kanyakumari"
855,"Mangayarkarasi Arts and Science College for Women, Madurai"
856,"Manickam College of Arts and Science, Thanjavur"
857,"Mar Gregorios Arts and Science College, Chennai"
858,"Marrapan Lakshmiamma Arts and Science College for Women, Vellore"
859,"Marudhur Kesari Jain College for Women, Vaniyampadi"
860,"Maruthupandiyar College, Vallam"
861,"Mass College of Arts and Science, Kumbakonam"
862,"Matha College of Arts and Sciences, Manamadurai"
863,"Meenakshi Ammal Arts and Science College for Women, Uthiramerur"
864,"Meenakshi Chandrasekaran College of Arts and Science, Pattukkottai"
865,"Meenakshi Ramasamy Arts and Science College, Perambalur"
866,"Mercury College of Arts and Science, Arakonam"
867,"Michael Job College of Arts and Science for Women, Coimbatore"
868,"Modern Arts and Science College, Jayankondam"
869,"Mohamed Sathak College of Arts and Science, Chennai"
870,"Moti and Moti Arts and Science College, Thanjavur, Thanjavur"
871,"Muslim Arts College, Tiruvithamcode, Kanyakumari"
872,"N.K.R. Government Arts College for Women, Namakkal"
873,"N.M.S.S. Vellachami Nadar College, Madurai"
874,"Nallamuthu Gounder Mahalingam College (Autonomous), Pollachi"
875,"New College (Autonomous), Chennai"
876,"Nirmala College for Women, Coimbatore"
877,"N.M.S. Sermathai Vasan College for Women, Madurai"
878,"N.P.R. Arts and Science College, Dindigul"
879,"Nadar Saraswathy College of Arts and Science, Theni"
880,"Naina Mohamed College of Arts and Science, Aranthangi Taluk"
881,"Nandha Arts and Science College, Erode"
882,"National College, Trichy"
883,"Navarasam Arts and Science College for Women, Erode"
884,"Nazareth College of Arts and Science, Chennai"
885,"Nazareth Margochis College, Tuticorin"
886,"Nehru College of Arts and Science, Tirupur"
887,"Nehru Memorial College, Trichy"
888,"Nesamony Memorial Christian College, Kanyakumari"
889,"Nethaji Subash Chandra Bose College, Thiruvarur"
890,"New Prince Shri Bhavani Arts and Science College, Chennai"
891,"Nift Tea College of Knitwear Fashion, Tirupur"
892,"Noorl Islam Arts and Science College, Kanyakumari"
893,"P.S.G. College of Arts and Science (Autonomous), Coimbatore"
894,"P.S.G.R. Krishnamal College for Women, Coimbatore"
895,"Pachaiyappa's College for Men, Kanchipuram, Kanchipuram"
896,"Pachaiyappa's College for Women, Kanchipuram, Kanchipuram"
897,"Pachaiyappa's College, Chennai"
898,"Pasumpon Muthuramalinga Thevar College, Madurai"
899,"Periyar Arts College, Cuddalore"
900,"Periyar University College of Arts and Science, Mettur"
901,"Presidency College (Autonomous), Chennai"
902,"Providence College for Women, Udhagamandalam"
903,"P.G.P. College of Arts and Science, Namakkal"
904,"P.K.N. Arts and Science College, Madurai"
905,"P.K.R. Arts College for Women, Gobichettipalayam"
906,"P.M.P. College of Arts and Science, Dharmapuri"
907,"Paavendhar College of Arts and Science, Salem"
908,"Pachamuthu Arts and Science Women's College, Dharmapuri"
909,"Padmavani College of Arts and Science for Women, Omalur Taluk"
910,"Pannaikadu Veerammal Paramasivam College, Dindigul"
911,"Park's College, Tirupur"
912,"Parvathy's Arts and Science College, Dindigul"
913,"Pasumbon Muthuramalinga Thevar College, Melaneelithanallur, Tirunelveli"
914,"Pasumpon Thiru. Muthuramalinga Thevar College, Ramnad"
915,"Patrician College of Arts and Science, Chennai"
916,"Pattammal Alagesan College of Arts and Science, Kanchipuram"
917,"Pavendar Bharadhidasan Arts and Science College, Trichy"
918,"Pee Gee College of Arts and Science, Dharmapuri"
919,"Perarignar Anna College, Tirunelveli"
920,"Periyar E.V.R. College (Autonomous), Trichy"
921,"Pioneer College of Arts and Science, Coimbatore"
922,"Pioneer Kumarasamy College, Nagercoil"
923,"Ponnaiyah Ramajayam College, Thanjavur"
924,"Poompuhar College, Nagapattinam"
925,"Poonga College of Arts and Science, Chennai"
926,"Pope's College, Tuticorin"
927,"Prince Shri Venkateshwara Arts and Science College, Chennai"
928,"Prof. Dhanapalan College for Women, Chennai"
929,"Quaid-e-Millet College, Chennai"
930,"Quaid-e-Millet Government Arts College for Women (Autonomous), Chennai"
931,"Queen Mary's College (Autonomous), Chennai"
932,"R.V.S. College of Arts and Science, Coimbatore"
933,"Rev. Jacob Memorial Christian College, Dindigul"
934,"Raja Duraisingam Govt. Arts College, Sivagangai"
935,"Rajah Serfoji Govt.Arts College, Thanjavur"
936,"Rajapalayam Raju's College, Rajapalayam"
937,"Rajeswari Vedachalam Government Arts College, Kanchipuram"
938,"Ramakrishna Mission Vivekananda College (Men), Chennai"
939,"R.B. Gothi Jain College for Women, Chennai"
940,"R.T.G. Arts and Science College for Women, Gingee Taluk"
941,"Rabiammal Ahamed Maideen College for Women, Tiruvarur"
942,"Rabindharanath Tagore College of Arts and Science for Women, Salem"
943,"Rajagiri Dawood Batcha College of Arts and Science, Thanjavur"
944,"Rajahs College, Thanjavur"
945,"Rajeswari Arts and Scinece College for Women, Vanur Taluk"
946,"Rama Prabha College of Arts and Science, Dindigul"
947,"Ramasamy Tamil College, Karaikudi"
948,"Rathinam College of Arts and Science, Coimbatore"
949,"Rose Mary Arts and Science College, Palayamkottai"
950,"Sourashtra College, Madurai"
951,"Sourashtra College for Women, Madurai"
952,"Sri Kaliswari College, Sivakasi"
953,"Sriram College of Arts and Science, Chennai"
954,"S.B.K. College, Aruppukottai"
955,"S.D.N. Bhatt Vaishnav College for Women, Chennai"
956,"S.I.V.E.T. College, Chennai"
957,"Sacred Heart Evening College, Vellore"
958,"Salem Sowdeswari College, Salem"
959,"Sarah Tucker College, Palayamkottai"
960,"Saraswathy Narayanan College, Madurai"
961,"Senthamil College, Madurai"
962,"Sethupathy Govt. Arts College, Ramanathapuram"
963,"Sri G.V.G. Visalakshi College for Women (Autonomous), Udumalpet"
964,"Sri Meenakshi Govt. College for Women (Autonomous), Madurai"
965,"Sri Ramakrishna Mission Vidyalaya College of Arts and Science (Autonomous), Coimbatore"
966,"Sri S. Ramasamy Naidu Memorial College, Sattur"
967,"Sri Sarada College for Women (Autonomous), Salem"
968,"Sri Subramaniaswami Government Arts College, Tiruvallur"
969,"Srimath Sivagnana Balaya Swamigal Tamil College, Villupuram"
970,"St. Louis College for the Deaf, Chennai"
971,"Stella Maris College for Women (Autonomous), Chennai"
972,"S.B.A. College of Science and Management, Arani"
973,"S.K. College of Arts and Science, Mannargudi"
974,"S.K.S.S. Arts College, Thiruppanandal"
975,"S.M.S. College of Arts and Science, Coimbatore"
976,"S.N.R. Sons College, Coimbatore"
977,"S.P. College of Science and Arts, Madurai"
978,"S.R.M. Arts and Science College, Chengalpattu Taluk"
979,"S.S. Duraisamy Nadar Maariammal College, Kovilpatti"
980,"S.S.M. College of Arts and Science, Komarapalayam"
981,"S.S.S. College Art, Science and Management, Vellore"
982,"S.T. Hindu College, Nagercoil"
983,"Sadakathullah Appa College, Palayamkottai"
984,"Sami Arul Arts and Science College, Thanjavur"
985,"Sankara College of Science and Commerce, Coimbatore"
986,"Saratha College of Arts and Science, Gobichettipalayam"
987,"Sardar Raja Arts College, Tirunelveli"
988,"Sattanatha Karaiyalar College, Tenkasi"
989,"Scott Christian College, Kanyakumari"
990,"SCSVMV University (Sri Chandrasekharendra Saraswathi Viswa Mahavidyalaya), Kancheepuram"
991,"Seethalakshmi Achi College for Women, Sivagangai"
992,"Seethalakshmi Ramaswamy College (Autonomous), Trichy"
993,"Selvam Arts and Science College, Namakkal"
994,"Semgamala Thaayar Educational Trust Women's College, Tiruvarur"
995,"Sengunthar College of Arts and Science, Namakkal"
996,"Shiri Kumaran College of Arts and Science, Coimbatore"
997,"Shri Aravindar Arts and Science College, Villupuram"
998,"Shri Chandra Prabhu Jain College for Men, Tiruvallur"
999,"Shri Nehru Maha Vidyalaya College of Arts and Science, Coimbatore"
1000,"Shri Raghavendra Arts and Science College, Cuddalore"
1001,"Shri Shankarlal Sundarbai Shasun Jain College for Women, Chennai"
1002,"Shrimathi Indira Gandhi College (Women), Trichy"
1003,"Shunmuga Industries Arts and Science College, Tirvuvannamalai"
1004,"Siga College of Management and Computer Science, Villupuram"
1005,"Sindhi College of Arts and Science, Chennai"
1006,"Sir Theagaraya College, Chennai"
1007,"Sivanthi Adithanar College, Nagercoil"
1008,"Soka Ikeda Arts and Science College for Women, Chennai"
1009,"Sonai Meenal Arts and Science College, Mudukulathur"
1010,"Sree Amman Arts and Science College, Erode"
1011,"Sree Ayyappa College for Women, Kanyakumari"
1012,"Sree Devi Kumari Women's College, Kanyakumari"
1013,"Sree Narayana Guru College, Coimbatore"
1014,"Sree Ramu College of Arts and Science, Coimbatore"
1015,"Sree Saraswathy Thyagaraja College, Pollachi"
1016,"Sree Sevugan Annamalai College, Devakottai"
1017,"Sri Adi Chunchanagiri Women's College, Theni"
1018,"Sri Akilandeswari Women's College, Vandavasi"
1019,"Sri Arumugam Arts and Science College, Cuddalore"
1020,"Sri Balamurugan Arts and Science College, Mettur Taluk"
1021,"Sri Bharathi Arts and Science College (W), Pudukkottai"
1022,"Sri Bharathi Women's Arts and Science College, Arni Taluk"
1023,"Sri Bharathivelu Arts and Science College, Walaja Taluk"
1024,"Sri Ganesh College of Arts and Science, Salem"
1025,"Sri Gee College of Arts and Science, Coimbatore"
1026,"Sri Jayendra Saraswathy Maha Vidayalaya College of Arts and Science, Coimbatore"
1027,"Sri K.G.S. Arts College, Srivaikuntam, Tuticorin"
1028,"Sri Kandhan College of Arts and Science, Erode"
1029,"Sri Kanniga Parameswari Arts and Science College for Women, Chennai"
1030,"Sri Krishna Arts and Science College, Coimbatore"
1031,"Sri Muthukumaran Arts and Science College, Chennai"
1032,"Sri Muthukumarasamy College, Chennai"
1033,"Sri Nagalakshmi Ammal Arts and Science College, Madurai"
1034,"Sri Paramakalyani College, Tirunelveli"
1035,"Sri Parasakthi Women's College, Tirunelveli"
1036,"Sri Ramakrishna College of Arts and Science for Women, Coimbatore"
1037,"Sri Ramalinga Sowdambigai College of Science and Commerce, Coimbatore"
1038,"Sri Sai Bharath College of Arts and Science, Dindigul"
1039,"Sri Sakthi Kailash College of Women, Salem"
1040,"Sri Sankara Arts and Science College, Kanchipuram"
1041,"Sri Sankara Arts and Science College, Kumbakonam"
1042,"Sri Sarada Niketan College of Science for Women, Karur"
1043,"Sri Saradha College for Women, Perambalur"
1044,"Sri Saradha Niketan College for Women, Sivagangai"
1045,"Sri Saradha Women's College, Tirunelveli"
1046,"Sri Thangam Periyasamy Arts and Science College, Cuddalore"
1047,"Sri Vasavi College, Erode"
1048,"Sri Venkateswara College of Arts and Science, Thanjavur"
1049,"Sri Vidhya Mandir Arts and Science College, Dharmapuri"
1050,"Sri Vijay Vidyalaya College of Arts & Science(Women's), Dharmapuri"
1051,"Sri Vinayaga College of Arts and Science, Ulundurpet"
1052,"Sridevi Arts and Science College, Ponneri"
1053,"Srimad Andavan Arts and Science College, Trichy"
1054,"Srinivasan College of Arts and Science, Perambalur"
1055,"St. George's Jayaraj Chelladurai College for Women, Madurai"
1056,"St. John's College, Tirunelveli, Palayamkottai"
1057,"St. Joseph College of Arts and Science, Cuddalore"
1058,"St. Joseph's College (Arts and Science), Chennai"
1059,"St. Josephs College (Autonomous), Trichy"
1060,"St. Joseph's College for Women, Coimbatore"
1061,"St. Joseph's College of Arts and Science for Women, Hosur"
1062,"St. Jude's College, Kanyakumari"
1063,"St. Mary's College, Tuticorin"
1064,"St. Thomas College of Arts and Science, Chennai"
1065,"St. Xavier's College, Tirunelveli"
1066,"Subbalakshmi Lakshmipathi College of Science, Madurai"
1067,"Subramaniyam College of Arts and Science, Namakkal"
1068,"Subramanya College of Arts and Science, Palani"
1069,"Sudharsan College of Arts and Science, Illuppur Taluk"
1070,"Sulthana Adbullah Rowther College for Women, Thanjavur"
1071,"Syed Hammeda Arts and Science College, Kilakkarai"
1072,"Tagore College of Arts and Science, Chennai"
1073,"The American College (Autonomous), Madurai"
1074,"Thavathiru Santhalinga Adigallar Arts and Science, Coimbatore"
1075,"Thiru Govindasamy Government Arts College, Tindivanam"
1076,"Thiru Kolanjiappar Government Arts College, Virudhachalam"
1077,"Thiruvalluvar Govt. Arts College, Namakkal"
1078,"Thiru-Vi-Ka Govt. Arts College, Thiruvarur"
1079,"T.B.M.L. College, Trichy"
1080,"T.D.M.N.S. College, T. Kallikulam, Tirunelveli"
1081,"T.M.G. College of Arts and Science, Chennai"
1082,"T.S. Narayanasamy College of Arts and Science, Chennai"
1083,"T.T. Narasimhan - Swami Dayananda College of Arts and Science, Thanjavur"
1084,"Tamilavel Uma Maheswarnar Karanthai Arts College, Thanjavur"
1085,"Tamilnadu Arts and Science College, Chennai"
1086,"TERF's Academy College of Arts and Science, Coimbatore"
1087,"Texcity Arts and Science College, Coimbatore"
1088,"Thanthai Hans Roever College, Perambalur"
1089,"Thassim Beevi Abdul Kadar College for Women, Ramnad"
1090,"The M.D.T. Hindu College, Tirunelveli"
1091,"The Standard Fireworks Rajarathinam College for Women (Autonomous), Sivakasi"
1092,"Theivanai Ammal College for Women, Villupuram"
1093,"Theni College of Arts and Science, Theni"
1094,"Thiagarajar College (Autonomous), Madurai"
1095,"Thirumurugan College of Arts and Science, Thiruvallur"
1096,"Thirupattur Arts And Science College, Thirupattur"
1097,"Thiruthangal Nadar College, Chennai"
1098,"Thiruvalluvar Arts and Science College, Cuddalore"
1099,"Thiruvalluvar College, Tirunelveli"
1100,"Tirukkovilur College of Arts and Science, Villupuram"
1101,"Tiruppur Kumaran College for Women, Tirupur"
1102,"Trinity College for Women, Namakkal"
1103,"Udaya College of Arts and Science, Kanyakumari"
1104,"Urumu Dhanalakshmi College, Trichy, Trichy"
1105,"V.P.M.M. Arts and Science College for Women, Srivilliputtur Taluk"
1106,"Vels University (Vel's College of Science), Chennai"
1107,"Vinayaka Missions Kirupananda Variyar Arts and Science College, Salem"
1108,"Vysya College, Salem"
1109,"V.H.N.S.N. College, Virudhunagar"
1110,"V.O. Chidambaram College, Tuticorin"
1111,"V.S. Sivalingam Govt. Arts College, Sivagangai"
1112,"V.V.V. College for Women, Virudhunagar"
1113,"Vellalar College for Women, Erode"
1114,"Voorhees College, Vellore"
1115,"V.L.B. Janakiammal College of Arts and Science, Coimbatore"
1116,"V.N. Krishnasamy Naidu College of Arts and Science for Women, Mettuppalayam"
1117,"V.T.M College of Arts and Science, Kanyakumari"
1118,"Vailakanni Malathy Pannicker College of Arts and Science, Chennai"
1119,"Valliammal College for Women, Chennai"
1120,"Valluvar College of Science and Management, Karur"
1121,"Vel Sri Ranga Sanku College, Chennai"
1122,"Vellakoil Arts and Science College, Erode"
1123,"Vidhya Sagar Women's College, Chengalpattu"
1124,"Vidyasagar College of Arts and Science, Udumalpet"
1125,"Vivekananda Arts and Science College for Women, Sirkali Taluk"
1126,"Vivekananda College, Agasteeswaram, Kanyakumari"
1127,"Vivekanandha College (Autonomous), Madurai"
1128,"Vivekanandha College for Women, Tiruchengode"
1129,"Vivekanandha College of Arts and Science (W), Namakkal"
1130,"Women's Christian College (Autonomous), Chennai"
1131,"Wavoo Wajeeha Women's College, Kayalpatnam"
1132,"Women's Christian College, Nagercoil"
1133,"Yadava College, Madurai"
1134,"Chettinad Dental College and Research Institutte"
1135,"CSI College of Dental Sciences and Research"
1136,"J K K Nattraja Dental College & Hospital, NAMAKKAL (DT)"
1137,"K.S.R. Institute of Dental Science & Research, Thokkavadi Post"
1138,"Karpaga Vinayaga Institute of Dental Sciences, Madhuranthagam TK"
1139,"Madha Dental College and Hospital, Chennai"
1140,"Meenakshi Ammal Dental College & Hospital"
1141,"Priyadarshini Dental College & Hospital"
1142,"R.V.S. Dental College, Kannampalayam"
1143,"Ragas Dental College & Hospital, Uthandi"
1144,"Rajah Muthiah Dental College & Hospital, Annamalai Nagar"
1145,"Rajas Dental College"
1146,"S R M Dental College & Hospital"
1147,"Sathyabama University Dental College & Hospital, Rajiv Gandhi Road"
1148,"Saveetha Dental College & Hospital"
1149,"Sree Balaji Dental College & Hospital"
1150,"Sri Mookambika Institute of Dental Sciences, Pandanilam, Kulasekharam, K.K. District"
1151,"Sri Ramachandra Dental College, Porur"
1152,"Sri Ramakrishna Dental College & Hospital, Avarampalayam"
1153,"Sri Venkateshwar Dental College and Hospital, Kanchipuram"
1154,"SRM Kattankulathur Dental College & Hospital"
1155,"Tagore Dental College & Hospital, Rathinamangalam, Vandalur, Nungambakkam"
1156,"Tamil Nadu Dental College"
1157,"Thai Moogambigai Dental College & Hospital"
1158,"Vinayaka Mission's Sankarachariyar Dental College"
1159,"Vivekananda Dental College for Women"
1160,"A.J. College of Nursing"
1161,"Adhiparasakthi College of Nursing"
1162,"Al- Ameen College Of Nursing, Somasipadi"
1163,"Aladi Aruna College Of Nursing, Sivalarkulam,, Alangulam Taluk"
1164,"AMJ College of Nursing"
1165,"Anbu College of Nursing"
1166,"Annai Dora College of Nursing, Aundipatti Taluk"
1167,"Annai JKK Sampoorani Ammal College of Nursing"
1168,"Annai Meenakshi College of Nursing"
1169,"Annammal College of Nursing"
1170,"Annasamy Rajammal College of Nursing"
1171,"Apollo College of Nursing, Kil Ayanambakkam"
1172,"Apollo College of Nursing"
1173,"Arulmigu Meenakshi College of Nursing"
1174,"Arun College of Nursing"
1175,"Arvinth College Of Nursing, METTUPATTTY"
1176,"Bharani Swathy College of Nursing"
1177,"Billroth College of Nursing, Near Madha Church"
1178,"Bishop's College of Nursing"
1179,"C E T College of Nursing, Thidal Panchayat"
1180,"C S I Jeyaraj Annapackiam College of Nursing, Pasumalai"
1181,"C.K. School of Nursing"
1182,"Cheran College of Nursing, Telungupalayam Pirivu"
1183,"Chithirai College of Nursing"
1184,"Christian College Of Nursing"
1185,"Christian College of Nursing"
1186,"College of Nursing"
1187,"College of Nursing (Chennai Medical College)"
1188,"College of Nursing (Christian Medical College & Hospital)"
1189,"College of Nursing (Saveetha Dental College & Hospitals)"
1190,"College of Nursing (Sri Ramakrishna Institute of Paramedical Sciences)"
1191,"College of Nursing (Vel R.S. Medical College)"
1192,"Deepavi School of Nursing, Gandhi Nagar"
1193,"Dhanalakshmi Srinivasan College of Nursing"
1194,"Dhanvantri College Of Nursing, PALLAKKAPALAYAM (P.O), SANKAGIRI WEST VIA"
1195,"Dharmarathnakara Dr Mahalingam Institute of Paramedical Sciences & Research College of Nursing, Sakthinagar, Appakodal post, Bhavani Taluk"
1196,"Doctors College of Nursing, Thanjavur Main Road, Pudukkottai District"
1197,"Dr. Alva Paramedical Educational Institute"
1198,"Dr. Amanullah Educational Trust School of Nursing"
1199,"Dr. G. Sakunthala College of Nursing, Keelastreet,Muriungapettai, Mutharasanallur"
1200,"DR. Kumaraswami Health Center, Kanyakumari District"
1201,"E S College Of Nursing, E.S.Nagar,Vikravandi Via"
1202,"Ellen College of Nursing"
1203,"Ganga School & College of Nursing, NGGO colony post"
1204,"Global College of Nursing, Kanyakumari District"
1205,"Grace School of Nursing, P.P.M. Junction"
1206,"J K College of Nursing & Paramedicals"
1207,"Jeeva School of Nursing"
1208,"Jennys College of Nursing, Ramjee Nagar"
1209,"K G College of Nursing"
1210,"Karpaga Vinayaga College of Nursing"
1211,"Karpaga Vinayaga College of Nursing, Kanchipuram"
1212,"Karpagam Nursing College, Eachanari Post"
1213,"Keerai Thamil Selvan College of Nursing"
1214,"KMC School of Nursing"
1215,"KMCH College of Nursing"
1216,"Kongunadu College of Nursing"
1217,"M A Chidambaram College of Nursing"
1218,"M.A.M College of Nursing, Siruganur"
1219,"Madha College of Nursing"
1220,"Madras Medical Mission College of Nursing"
1221,"Madurai Apollo College of Nursing, K.K.Nagar"
1222,"Maharaja College of Nursing"
1223,"Mannai Narayanasamy School Of Nursing, Mathur"
1224,"Matha College of Nursing"
1225,"Meenakshi College of Nursing, Near Mangadu"
1226,"MIOT College of Nursing"
1227,"Mount Tabor School of Nursing, Mathur"
1228,"Nandha School of Nursing"
1229,"ndira College of Nursing"
1230,"Nehru Nursing College"
1231,"O.P.R.Memorial School of Nursing, Neyveli Main Road, Vadalur"
1232,"Om Sakthi College of Nursing"
1233,"Omayal Achi College of Nursing"
1234,"Our Lady of Health College of Nursing"
1235,"P S G College of Nursing"
1236,"P.G.P. College of Nursing and Research, Villipalayam Post"
1237,"P.S College of Nursing, Thalakulam"
1238,"Padmasree College of Nursing"
1239,"Padmavathy College of Nursing"
1240,"R V S College of Nursing, KANNAMPALAYAM,"
1241,"Rajalakshmi College of Nursing, Thandalam"
1242,"Rani Mayyammai College of Nursing"
1243,"RASS Academy College of Nursing"
1244,"Right College of Nursing"
1245,"Royal College of Nursing, Madukkarai Post"
1246,"S R M College of Nursing, Kattankulathur,"
1247,"S.P.M. Institute Of Health Science,, Nathakadaiyur Via, Kangayam TK"
1248,"Sacred Heart College of Nursing, Muthiapillaimandapam, Sakkottai, Tanjavur District"
1249,"Sacred Heart Nursing College"
1250,"Sakthi College of Nursing"
1251,"SARA Nursing College"
1252,"Sara Nursing College"
1253,"School of Nursing, NO 14 DR RADHA KRISHNAN SALAI, Mylapore"
1254,"Servite College of Nursing"
1255,"Shanmuga College of Nursing"
1256,"Sharmila College of Nursing"
1257,"Shrinidhi College of Health Science and Research"
1258,"Sree Abirami College of Nursing"
1259,"Sree Balaji College of Nursing"
1260,"Sree Sakthimayeil Institute of Nursing & Research, Namakkal District"
1261,"Sree Sastha College of Nursing, Chembarambakkam"
1262,"Sri Bharani School of Nursing"
1263,"Sri Gokulam College of Nursing"
1264,"Sri K. Ramachandran Naidu College of Nursing"
1265,"Sri Narayani College of Nursing"
1266,"Sri Paspo College of Nursing, Collectors Bungalow Back Side,"
1267,"Sri Ramachandra College of Nursing"
1268,"Sri Santhoshi College of Nursing, Maduranthagam"
1269,"Sri Vijay Vidyalaya College of Nursing"
1270,"St. Ann's School & College of Nursing"
1271,"St. Bonnie White College of Nursing, Poovanoor Post"
1272,"St. Isabel's Hospital School of Nursing, Mylapore"
1273,"St. Xavier's Catholic College of Nursing, Kanyakumari Dist"
1274,"St.Xavier School & College of Nursing, Sakkottai"
1275,"Suran College of Nursing"
1276,"Swami Vivekananda College of Nursing"
1277,"Texcity College of Nursing"
1278,"Thanthai Roever College of Nursing"
1279,"Thasiah College of Nursing"
1280,"The Salvation Army Catherine Booth Hospital"
1281,"Thiraviam College Of Nursing, Kailasapatty, Periyakulam Taluk"
1282,"U.C.A. Institute of Nursing"
1283,"V.V.Vanniaperumal Nursing College for Women, Madurai Road"
1284,"Vellalar College of Nursing"
1285,"Venkateswara Nursing College, Thalambur"
1286,"Vignesh Nursing College"
1287,"Vinayaka Mission's Annapoorna College of Nursing"
1288,"Vivekanandha College of Nursing, Tiruchengodu"